epoch,train_loss,train_acc,float_eval_acc,float_trainmode_acc,discrete_acc,BATCH_SIZE,GATE_OPTIMIZER,NETWORK_LR,GUMBEL_TAU,GROUP_SUM_TAU,NETWORK_LAYERS,GATES,EPOCHS
1,2.157942484664917,0.2083,0.2552,0.3312,0.2552,128,softmax,0.01,0.25,100,6,18000,20
2,1.8581152867126465,0.35892,0.2794,0.3793,0.2794,128,softmax,0.01,0.25,100,6,18000,20
3,1.728850613708496,0.40512,0.2971,0.4131,0.2971,128,softmax,0.01,0.25,100,6,18000,20
4,1.6595951151275634,0.43136,0.3189,0.4301,0.3189,128,softmax,0.01,0.25,100,6,18000,20
5,1.605370736694336,0.45148,0.3201,0.4353,0.3201,128,softmax,0.01,0.25,100,6,18000,20
6,1.5589672777938843,0.4671,0.3256,0.4519,0.3256,128,softmax,0.01,0.25,100,6,18000,20
7,1.528809429588318,0.48032,0.3472,0.455,0.3472,128,softmax,0.01,0.25,100,6,18000,20
8,1.4874792380142212,0.49362,0.3449,0.4601,0.3449,128,softmax,0.01,0.25,100,6,18000,20
9,1.4912588752365112,0.50096,0.3298,0.4585,0.3298,128,softmax,0.01,0.25,100,6,18000,20
10,1.4295572731399535,0.5133,0.3432,0.4609,0.3432,128,softmax,0.01,0.25,100,6,18000,20
1,2.0702301055526733,0.3238,0.2944,0.3726,0.2944,128,sparsemax,0.01,0.25,100,6,18000,20
2,1.8146982323455811,0.40244,0.3212,0.4176,0.3212,128,sparsemax,0.01,0.25,100,6,18000,20
3,1.7509582535171508,0.42884,0.326,0.4235,0.326,128,sparsemax,0.01,0.25,100,6,18000,20
4,1.6754241382598878,0.44344,0.3403,0.4286,0.3403,128,sparsemax,0.01,0.25,100,6,18000,20
5,1.6239128805160523,0.4566,0.348,0.442,0.348,128,sparsemax,0.01,0.25,100,6,18000,20
6,1.6162204447174073,0.46578,0.3393,0.4408,0.3393,128,sparsemax,0.01,0.25,100,6,18000,20
7,1.6088305294799805,0.4686,0.3411,0.4487,0.3411,128,sparsemax,0.01,0.25,100,6,18000,20
8,1.5887840650177,0.47382,0.3499,0.4493,0.3499,128,sparsemax,0.01,0.25,100,6,18000,20
9,1.5597434029388428,0.4824,0.3456,0.4491,0.3456,128,sparsemax,0.01,0.25,100,6,18000,20
10,1.5233354815673827,0.48654,0.3566,0.4518,0.3566,128,sparsemax,0.01,0.25,100,6,18000,20
1,2.3053898692321777,0.0995,0.0884,0.1,0.0884,128,softmax,0.01,0.25,100,10,18000,20
2,2.305065941238403,0.0989,0.096,0.1,0.096,128,softmax,0.01,0.25,100,10,18000,20
3,2.279360431213379,0.12618,0.0911,0.1458,0.0911,128,softmax,0.01,0.25,100,10,18000,20
4,2.2343049159240724,0.15946,0.1094,0.1989,0.1094,128,softmax,0.01,0.25,100,10,18000,20
5,2.1900293867492677,0.19756,0.1309,0.2071,0.1309,128,softmax,0.01,0.25,100,10,18000,20
6,2.1603451043701174,0.21566,0.1349,0.2259,0.1349,128,softmax,0.01,0.25,100,10,18000,20
7,2.1259590757751465,0.24,0.1472,0.2564,0.1472,128,softmax,0.01,0.25,100,10,18000,20
8,2.084934585571289,0.26166,0.1553,0.2704,0.1553,128,softmax,0.01,0.25,100,10,18000,20
9,2.049222655944824,0.27652,0.1527,0.288,0.1527,128,softmax,0.01,0.25,100,10,18000,20
10,2.019667099227905,0.28844,0.1531,0.2969,0.1531,128,softmax,0.01,0.25,100,10,18000,20
1,3.271893535080708e+16,0.21462,0.1537,0.2248,0.1537,128,sparsemax,0.01,0.25,100,10,18000,20
2,5473675.668306358,0.27286,0.1762,0.2624,0.1762,128,sparsemax,0.01,0.25,100,10,18000,20
3,15640734.838699246,0.28182,0.1864,0.2746,0.1864,128,sparsemax,0.01,0.25,100,10,18000,20
4,155319.3157570067,0.28684,0.181,0.2658,0.181,128,sparsemax,0.01,0.25,100,10,18000,20
5,709.3670108215332,0.29052,0.1835,0.2844,0.1835,128,sparsemax,0.01,0.25,100,10,18000,20
6,49635895.9304506,0.28892,0.19,0.2886,0.19,128,sparsemax,0.01,0.25,100,10,18000,20
7,7917.317650823365,0.28516,0.1887,0.2884,0.1887,128,sparsemax,0.01,0.25,100,10,18000,20
1,2.157761010475159,0.2114,0.2449,0.3245,0.2449,128,softmax,0.01,0.25,100,6,18000,20
2,1.8494474307632447,0.36118,0.2737,0.3928,0.2737,128,softmax,0.01,0.25,100,6,18000,20
3,1.7237824521255494,0.408,0.3009,0.4127,0.3009,128,softmax,0.01,0.25,100,6,18000,20
4,1.6509693655014037,0.43632,0.3045,0.4324,0.3045,128,softmax,0.01,0.25,100,6,18000,20
5,1.5991889432144164,0.45458,0.3171,0.4421,0.3171,128,softmax,0.01,0.25,100,6,18000,20
6,1.5549267588806153,0.47032,0.3213,0.4485,0.3213,128,softmax,0.01,0.25,100,6,18000,20
7,1.5186232566070557,0.48572,0.3247,0.4532,0.3247,128,softmax,0.01,0.25,100,6,18000,20
8,1.4846650424194336,0.49694,0.3287,0.4596,0.3287,128,softmax,0.01,0.25,100,6,18000,20
9,1.470497155303955,0.5062,0.3459,0.4573,0.3459,128,softmax,0.01,0.25,100,6,18000,20
10,1.7545366909790039,0.51462,0.3566,0.4614,0.3566,128,softmax,0.01,0.25,100,6,18000,20
1,15.176017548675537,0.45912,0.4085,0.4393,0.4085,128,softmax,0.01,0.25,100,6,18000,20
2,3.1963646410369875,0.4813,0.41,0.4425,0.41,128,softmax,0.01,0.25,100,6,18000,20
3,2.766767080345154,0.48702,0.4151,0.444,0.4151,128,softmax,0.01,0.25,100,6,18000,20
4,2.5947971477508545,0.48834,0.4036,0.4394,0.4036,128,softmax,0.01,0.25,100,6,18000,20
5,2.3969355282592772,0.48914,0.4152,0.4419,0.4152,128,softmax,0.01,0.25,100,6,18000,20
6,2.2801286502838134,0.49128,0.4181,0.4438,0.4181,128,softmax,0.01,0.25,100,6,18000,20
7,2.2320799631500243,0.49244,0.4164,0.4427,0.4164,128,softmax,0.01,0.25,100,6,18000,20
8,2.2115264138793944,0.49142,0.4174,0.443,0.4174,128,softmax,0.01,0.25,100,6,18000,20
9,2.171880436935425,0.4935,0.4131,0.4433,0.4131,128,softmax,0.01,0.25,100,6,18000,20
10,2.187068277206421,0.49188,0.4134,0.4435,0.4134,128,softmax,0.01,0.25,100,6,18000,20
11,2.2186867472076415,0.49264,0.417,0.4433,0.417,128,softmax,0.01,0.25,100,6,18000,20
1,1.4802885256195069,0.51336,0.4208,0.4682,0.4208,128,softmax,0.01,0.25,100,6,18000,20
2,1.3845680364227295,0.53574,0.4113,0.4709,0.4113,128,softmax,0.01,0.25,100,6,18000,20
3,1.3443798264694213,0.54594,0.4138,0.4723,0.4138,128,softmax,0.01,0.25,100,6,18000,20
4,1.3209581679153442,0.55392,0.4081,0.4722,0.4081,128,softmax,0.01,0.25,100,6,18000,20
5,1.3029686044311524,0.56128,0.4118,0.4725,0.4118,128,softmax,0.01,0.25,100,6,18000,20
6,1.2804890101242066,0.56814,0.4076,0.4719,0.4076,128,softmax,0.01,0.25,100,6,18000,20
7,1.3482753246307373,0.5665,0.4021,0.4768,0.4021,128,softmax,0.01,0.25,100,6,18000,20
1,4.57521223777771,0.49906,0.4247,0.4511,0.4247,128,softmax,0.01,0.25,100,6,18000,20
2,2.037101953430176,0.51856,0.4304,0.4549,0.4304,128,softmax,0.01,0.25,100,6,18000,20
3,1.8629492402267456,0.52254,0.4258,0.4531,0.4258,128,softmax,0.01,0.25,100,6,18000,20
4,1.7842394229507446,0.52526,0.4209,0.4515,0.4209,128,softmax,0.01,0.25,100,6,18000,20
5,1.7330180541229248,0.52818,0.4255,0.4538,0.4255,128,softmax,0.01,0.25,100,6,18000,20
6,1.7046186403656005,0.5296,0.4241,0.4546,0.4241,128,softmax,0.01,0.25,100,6,18000,20
7,1.718530352935791,0.52932,0.4265,0.4493,0.4265,128,softmax,0.01,0.25,100,6,18000,20
8,1.6782454985809325,0.53082,0.4294,0.4521,0.4294,128,softmax,0.01,0.25,100,6,18000,20
1,91.70591461669922,0.4052,0.4121,0.3786,0.4121,128,softmax,0.01,0.25,100,6,18000,20
2,58.14694005279541,0.40852,0.4214,0.3886,0.4214,128,softmax,0.01,0.25,100,6,18000,20
3,80.04760415367126,0.41334,0.423,0.4,0.423,128,softmax,0.01,0.25,100,6,18000,20
4,31.142750967407228,0.41784,0.4229,0.3918,0.4229,128,softmax,0.01,0.25,100,6,18000,20
5,23.031519031982423,0.42034,0.4264,0.3984,0.4264,128,softmax,0.01,0.25,100,6,18000,20
6,23.413934240722657,0.4196,0.4276,0.4017,0.4276,128,softmax,0.01,0.25,100,6,18000,20
7,14.324951134643555,0.42448,0.4365,0.4013,0.4365,128,softmax,0.01,0.25,100,6,18000,20
8,16.020254319152833,0.42684,0.4283,0.4018,0.4283,128,softmax,0.01,0.25,100,6,18000,20
9,15.012558304977418,0.42794,0.4276,0.4057,0.4276,128,softmax,0.01,0.25,100,6,18000,20
10,11.170397020874024,0.43156,0.4307,0.4008,0.4307,128,softmax,0.01,0.25,100,6,18000,20
11,10.788866626586914,0.4335,0.4274,0.4098,0.4274,128,softmax,0.01,0.25,100,6,18000,20
12,8.195582649841308,0.43386,0.4337,0.4132,0.4337,128,softmax,0.01,0.25,100,6,18000,20
13,9.351741431350709,0.4364,0.4335,0.4155,0.4335,128,softmax,0.01,0.25,100,6,18000,20
14,9.040787312660218,0.43644,0.4333,0.4159,0.4333,128,softmax,0.01,0.25,100,6,18000,20
15,6.60031511390686,0.43952,0.4327,0.4123,0.4327,128,softmax,0.01,0.25,100,6,18000,20
16,6.3110755348205565,0.44392,0.436,0.4089,0.436,128,softmax,0.01,0.25,100,6,18000,20
17,4.877705875930786,0.4436,0.4373,0.4099,0.4373,128,softmax,0.01,0.25,100,6,18000,20
18,6.76768467956543,0.44462,0.4432,0.4174,0.4432,128,softmax,0.01,0.25,100,6,18000,20
19,5.180435341796875,0.4468,0.4391,0.4184,0.4391,128,softmax,0.01,0.25,100,6,18000,20
20,4.975384561920166,0.44624,0.4356,0.4163,0.4356,128,softmax,0.01,0.25,100,6,18000,20
1,1.6215594261169433,0.51326,0.4365,0.4619,0.4365,128,softmax,0.01,0.25,100,6,18000,20
2,1.4901169861602783,0.52268,0.4381,0.4614,0.4381,128,softmax,0.01,0.25,100,6,18000,20
3,1.4384582341003418,0.52756,0.4369,0.4623,0.4369,128,softmax,0.01,0.25,100,6,18000,20
4,1.4123761949920655,0.53052,0.4399,0.4635,0.4399,128,softmax,0.01,0.25,100,6,18000,20
5,1.3927304584884643,0.53236,0.4444,0.4634,0.4444,128,softmax,0.01,0.25,100,6,18000,20
6,1.379036492652893,0.53584,0.4427,0.4646,0.4427,128,softmax,0.01,0.25,100,6,18000,20
7,1.3686268328094482,0.53726,0.4369,0.4615,0.4369,128,softmax,0.01,0.25,100,6,18000,20
1,8.85859255569458,0.4248,0.4414,0.3995,0.4414,128,softmax,0.01,0.25,100,6,18000,20
2,15.121541902999878,0.4261,0.4461,0.3968,0.4461,128,softmax,0.01,0.25,100,6,18000,20
3,6.161830869598389,0.4278,0.4384,0.405,0.4384,128,softmax,0.01,0.25,100,6,18000,20
4,7.280107190551758,0.42982,0.435,0.4008,0.435,128,softmax,0.01,0.25,100,6,18000,20
5,7.109618333892822,0.43124,0.4315,0.403,0.4315,128,softmax,0.01,0.25,100,6,18000,20
6,5.818000068359375,0.43296,0.4433,0.4064,0.4433,128,softmax,0.01,0.25,100,6,18000,20
7,5.661215254058838,0.43112,0.4444,0.4033,0.4444,128,softmax,0.01,0.25,100,6,18000,20
8,5.252103067703247,0.43508,0.4453,0.4076,0.4453,128,softmax,0.01,0.25,100,6,18000,20
9,4.96759835357666,0.43518,0.446,0.4108,0.446,128,softmax,0.01,0.25,100,6,18000,20
10,4.974682513427735,0.43676,0.4488,0.4094,0.4488,128,softmax,0.01,0.25,100,6,18000,20
11,4.852076372947693,0.43666,0.4462,0.4102,0.4462,128,softmax,0.01,0.25,100,6,18000,20
12,4.576261855621338,0.4413,0.4466,0.4139,0.4466,128,softmax,0.01,0.25,100,6,18000,20
13,4.572542189788819,0.44046,0.4493,0.4142,0.4493,128,softmax,0.01,0.25,100,6,18000,20
14,4.357186644210816,0.43976,0.4481,0.4144,0.4481,128,softmax,0.01,0.25,100,6,18000,20
15,4.9943734765625,0.44032,0.4474,0.4143,0.4474,128,softmax,0.01,0.25,100,6,18000,20
16,3.650941940841675,0.4425,0.4474,0.422,0.4474,128,softmax,0.01,0.25,100,6,18000,20
17,3.5485370199584962,0.44428,0.4497,0.421,0.4497,128,softmax,0.01,0.25,100,6,18000,20
1,43.963241745758054,0.10058,0.1111,0.0974,0.1111,128,gumbel_softmax,0.01,0.25,100,6,18000,20
2,23.562721627120972,0.1002,0.0928,0.0986,0.0928,128,gumbel_softmax,0.01,0.25,100,6,18000,20
3,18.465899549560547,0.099,0.0951,0.0981,0.0951,128,gumbel_softmax,0.01,0.25,100,6,18000,20
4,16.255598331375122,0.09848,0.1011,0.0941,0.1011,128,gumbel_softmax,0.01,0.25,100,6,18000,20
5,18.843686539459227,0.0989,0.0903,0.1011,0.0903,128,gumbel_softmax,0.01,0.25,100,6,18000,20
6,10.75253264755249,0.09914,0.0838,0.091,0.0838,128,gumbel_softmax,0.01,0.25,100,6,18000,20
7,13.67669628036499,0.10008,0.0924,0.0988,0.0924,128,gumbel_softmax,0.01,0.25,100,6,18000,20
1,895.079668060913,0.10052,0.0716,0.1011,0.0716,128,gumbel_softmax,0.01,0.25,100,6,18000,20
2,586.0534487414551,0.09934,0.1001,0.1025,0.1001,128,gumbel_softmax,0.01,0.25,100,6,18000,20
3,301.7866021917725,0.10094,0.0972,0.1036,0.0972,128,gumbel_softmax,0.01,0.25,100,6,18000,20
1,2.2827139231872557,0.15156,0.1219,0.1723,0.1219,128,gumbel_softmax,0.01,0.25,100,6,18000,20
2,2.247469240112305,0.2204,0.1435,0.2471,0.1435,128,gumbel_softmax,0.01,0.25,100,6,18000,20
3,2.2156414196014405,0.24368,0.174,0.2455,0.174,128,gumbel_softmax,0.01,0.25,100,6,18000,20
4,2.181069080963135,0.258,0.1898,0.2729,0.1898,128,gumbel_softmax,0.01,0.25,100,6,18000,20
5,2.1443697968292237,0.27478,0.2112,0.2971,0.2112,128,gumbel_softmax,0.01,0.25,100,6,18000,20
6,2.1070086376190185,0.28506,0.2341,0.298,0.2341,128,gumbel_softmax,0.01,0.25,100,6,18000,20
7,2.06852157497406,0.29478,0.2516,0.3086,0.2516,128,gumbel_softmax,0.01,0.25,100,6,18000,20
8,2.029522268218994,0.30716,0.2533,0.311,0.2533,128,gumbel_softmax,0.01,0.25,100,6,18000,20
9,1.9927066262817383,0.31936,0.2793,0.3251,0.2793,128,gumbel_softmax,0.01,0.25,100,6,18000,20
10,1.9584040519714356,0.32782,0.2829,0.3343,0.2829,128,gumbel_softmax,0.01,0.25,100,6,18000,20
1,2.302950132598877,0.1002,0.2824,0.1,0.2824,128,gumbel_softmax,0.01,0.25,100,6,18000,20
2,2.302813428039551,0.09926,0.2839,0.1,0.2839,128,gumbel_softmax,0.01,0.25,100,6,18000,20
3,2.302798061065674,0.09956,0.2847,0.1037,0.2847,128,gumbel_softmax,0.01,0.25,100,6,18000,20
4,2.3029701734924317,0.09854,0.2856,0.1,0.2856,128,gumbel_softmax,0.01,0.25,100,6,18000,20
5,2.3029680790710447,0.10038,0.2822,0.1,0.2822,128,gumbel_softmax,0.01,0.25,100,6,18000,20
6,2.303017426071167,0.10134,0.2825,0.1,0.2825,128,gumbel_softmax,0.01,0.25,100,6,18000,20
7,2.302884514312744,0.10258,0.2873,0.1,0.2873,128,gumbel_softmax,0.01,0.25,100,6,18000,20
8,2.3032815167999265,0.09872,0.2821,0.1,0.2821,128,gumbel_softmax,0.01,0.25,100,6,18000,20
1,5.750083753108214e+26,0.19928,0.1693,0.2226,0.1693,128,sparsemax,0.01,0.25,100,10,18000,20
2,2.160365388415391e+31,0.19864,0.1502,0.1972,0.1502,128,sparsemax,0.01,0.25,100,10,18000,20
1,15987769.191536242,0.22456,0.1626,0.2518,0.1626,128,sparsemax,0.01,0.25,100,10,18000,20
2,1353047017039649.0,0.21942,0.1636,0.227,0.1636,128,sparsemax,0.01,0.25,100,10,18000,20
3,11578798271628.375,0.21936,0.1572,0.2262,0.1572,128,sparsemax,0.01,0.25,100,10,18000,20
4,94856288.83640514,0.21866,0.1649,0.229,0.1649,128,sparsemax,0.01,0.25,100,10,18000,20
5,94925734.70856637,0.2191,0.1689,0.227,0.1689,128,sparsemax,0.01,0.25,100,10,18000,20
6,243559009.6752277,0.22166,0.1607,0.2235,0.1607,128,sparsemax,0.01,0.25,100,10,18000,20
7,65925732.40714748,0.21988,0.1701,0.2307,0.1701,128,sparsemax,0.01,0.25,100,10,18000,20
8,396369345546.7331,0.2271,0.1626,0.229,0.1626,128,sparsemax,0.01,0.25,100,10,18000,20
9,461554541978.8708,0.2253,0.1611,0.2267,0.1611,128,sparsemax,0.01,0.25,100,10,18000,20
10,187891746.85619888,0.21982,0.1648,0.2261,0.1648,128,sparsemax,0.01,0.25,100,10,18000,20
1,2.3046822830200195,0.10382,0.153,0.1132,0.153,128,sparsemax,0.01,0.25,100,10,18000,20
2,2.280159312362671,0.13506,0.1505,0.1758,0.1505,128,sparsemax,0.01,0.25,100,10,18000,20
3,2.234458783187866,0.169,0.1521,0.1987,0.1521,128,sparsemax,0.01,0.25,100,10,18000,20
4,2.1635428623962403,0.21092,0.1583,0.2122,0.1583,128,sparsemax,0.01,0.25,100,10,18000,20
5,2.111146661453247,0.23814,0.1617,0.2546,0.1617,128,sparsemax,0.01,0.25,100,10,18000,20
6,2.074063139190674,0.26232,0.1641,0.2717,0.1641,128,sparsemax,0.01,0.25,100,10,18000,20
7,2.042364812088013,0.27438,0.1688,0.284,0.1688,128,sparsemax,0.01,0.25,100,10,18000,20
8,2.017112943725586,0.28276,0.1733,0.2899,0.1733,128,sparsemax,0.01,0.25,100,10,18000,20
9,1.9911192895507812,0.2924,0.1781,0.3,0.1781,128,sparsemax,0.01,0.25,100,10,18000,20
10,1.965269910583496,0.30194,0.1815,0.3044,0.1815,128,sparsemax,0.01,0.25,100,10,18000,20
11,1.9401678067398072,0.312,0.1831,0.3142,0.1831,128,sparsemax,0.01,0.25,100,10,18000,20
1,2.3317045582580564,0.09932,0.1071,0.1,0.1071,128,gumbel_softmax,0.01,1,100,12,256000,20
2,2.327966264266968,0.10056,0.0958,0.1,0.0958,128,gumbel_softmax,0.01,1,100,12,256000,20
3,2.3273303888702395,0.0994,0.1011,0.1,0.1011,128,gumbel_softmax,0.01,1,100,12,256000,20
4,2.3273543479156493,0.09794,0.1166,0.1,0.1166,128,gumbel_softmax,0.01,1,100,12,256000,20
5,2.328111071166992,0.1002,0.1023,0.1,0.1023,128,gumbel_softmax,0.01,1,100,12,256000,20
6,2.325847209472656,0.10208,0.0998,0.1,0.0998,128,gumbel_softmax,0.01,1,100,12,256000,20
7,2.3225503873443603,0.0995,0.0961,0.1,0.0961,128,gumbel_softmax,0.01,1,100,12,256000,20
8,2.3262777809143067,0.09732,0.0875,0.1,0.0875,128,gumbel_softmax,0.01,1,100,12,256000,20
9,2.3209791416931154,0.10008,0.0943,0.1,0.0943,128,gumbel_softmax,0.01,1,100,12,256000,20
10,2.319834777069092,0.09908,0.1102,0.1,0.1102,128,gumbel_softmax,0.01,1,100,12,256000,20
11,2.323956542739868,0.10276,0.1215,0.1,0.1215,128,gumbel_softmax,0.01,1,100,12,256000,20
12,2.3190976177978517,0.10286,0.113,0.1,0.113,128,gumbel_softmax,0.01,1,100,12,256000,20
13,2.319418293991089,0.10002,0.1023,0.1,0.1023,128,gumbel_softmax,0.01,1,100,12,256000,20
14,2.3186870347595216,0.10252,0.1227,0.1,0.1227,128,gumbel_softmax,0.01,1,100,12,256000,20
15,2.3194048585510254,0.10072,0.1146,0.1,0.1146,128,gumbel_softmax,0.01,1,100,12,256000,20
16,2.318260070953369,0.0982,0.1136,0.1,0.1136,128,gumbel_softmax,0.01,1,100,12,256000,20
17,2.317743251800537,0.09894,0.11,0.1,0.11,128,gumbel_softmax,0.01,1,100,12,256000,20
18,2.3179514279174804,0.10094,0.0985,0.1,0.0985,128,gumbel_softmax,0.01,1,100,12,256000,20
19,2.3160541663360594,0.10288,0.0984,0.1,0.0984,128,gumbel_softmax,0.01,1,100,12,256000,20
20,2.3169027777862548,0.09958,0.1007,0.1,0.1007,128,gumbel_softmax,0.01,1,100,12,256000,20
1,2.3346305222320556,0.10022,0.0894,0.1,0.0894,128,gumbel_softmax,0.01,1,100,12,256000,2000
2,2.3301646519470216,0.09936,0.09,0.1,0.09,128,gumbel_softmax,0.01,1,100,12,256000,2000
3,2.325496644897461,0.10042,0.0928,0.1,0.0928,128,gumbel_softmax,0.01,1,100,12,256000,2000
4,2.3249262157440187,0.09754,0.0903,0.1,0.0903,128,gumbel_softmax,0.01,1,100,12,256000,2000
5,2.330214836730957,0.09784,0.1003,0.1,0.1003,128,gumbel_softmax,0.01,1,100,12,256000,2000
6,2.326914105453491,0.10094,0.0971,0.1,0.0971,128,gumbel_softmax,0.01,1,100,12,256000,2000
7,2.325270048828125,0.10062,0.1037,0.1,0.1037,128,gumbel_softmax,0.01,1,100,12,256000,2000
8,2.3233842753601075,0.10024,0.0965,0.1,0.0965,128,gumbel_softmax,0.01,1,100,12,256000,2000
9,2.32381581199646,0.09718,0.0952,0.1,0.0952,128,gumbel_softmax,0.01,1,100,12,256000,2000
10,2.3231238429260253,0.10114,0.0976,0.1,0.0976,128,gumbel_softmax,0.01,1,100,12,256000,2000
11,2.321469585418701,0.09958,0.1068,0.1,0.1068,128,gumbel_softmax,0.01,1,100,12,256000,2000
12,2.318861267929077,0.09972,0.0976,0.1,0.0976,128,gumbel_softmax,0.01,1,100,12,256000,2000
13,2.322218414916992,0.09788,0.0971,0.1,0.0971,128,gumbel_softmax,0.01,1,100,12,256000,2000
14,2.3199992015075686,0.10076,0.1002,0.1,0.1002,128,gumbel_softmax,0.01,1,100,12,256000,2000
15,2.319540855178833,0.1007,0.0929,0.1,0.0929,128,gumbel_softmax,0.01,1,100,12,256000,2000
16,2.3163989973449706,0.09988,0.1046,0.1,0.1046,128,gumbel_softmax,0.01,1,100,12,256000,2000
17,2.3180525727844237,0.0985,0.0976,0.1,0.0976,128,gumbel_softmax,0.01,1,100,12,256000,2000
18,2.319795203704834,0.09808,0.0998,0.1,0.0998,128,gumbel_softmax,0.01,1,100,12,256000,2000
19,2.3171039739227295,0.10104,0.1027,0.1,0.1027,128,gumbel_softmax,0.01,1,100,12,256000,2000
20,2.318006431045532,0.09702,0.1124,0.1,0.1124,128,gumbel_softmax,0.01,1,100,12,256000,2000
21,2.315311689300537,0.09984,0.1187,0.1,0.1187,128,gumbel_softmax,0.01,1,100,12,256000,2000
22,2.31577529045105,0.09662,0.1117,0.1,0.1117,128,gumbel_softmax,0.01,1,100,12,256000,2000
23,2.3149125802612303,0.09888,0.1063,0.1,0.1063,128,gumbel_softmax,0.01,1,100,12,256000,2000
24,2.3151488121795656,0.09958,0.1148,0.1,0.1148,128,gumbel_softmax,0.01,1,100,12,256000,2000
25,2.3129962187194826,0.1004,0.1051,0.1,0.1051,128,gumbel_softmax,0.01,1,100,12,256000,2000
26,2.3153092797851564,0.09906,0.0955,0.1,0.0955,128,gumbel_softmax,0.01,1,100,12,256000,2000
27,2.3128306416320803,0.09942,0.1005,0.1,0.1005,128,gumbel_softmax,0.01,1,100,12,256000,2000
28,2.312264543609619,0.10132,0.102,0.1,0.102,128,gumbel_softmax,0.01,1,100,12,256000,2000
29,2.312209551849365,0.09724,0.098,0.1,0.098,128,gumbel_softmax,0.01,1,100,12,256000,2000
30,2.3121996421813966,0.09812,0.1004,0.1,0.1004,128,gumbel_softmax,0.01,1,100,12,256000,2000
31,2.3119016788482667,0.10176,0.0938,0.1,0.0938,128,gumbel_softmax,0.01,1,100,12,256000,2000
32,2.3013545823669435,0.1108,0.0967,0.1276,0.0967,128,gumbel_softmax,0.01,1,100,12,256000,2000
33,2.280227577972412,0.12678,0.0964,0.1401,0.0964,128,gumbel_softmax,0.01,1,100,12,256000,2000
34,2.262191577606201,0.13724,0.1008,0.1491,0.1008,128,gumbel_softmax,0.01,1,100,12,256000,2000
35,2.244613207244873,0.14588,0.0962,0.1472,0.0962,128,gumbel_softmax,0.01,1,100,12,256000,2000
36,2.2274411543273924,0.15538,0.0934,0.1573,0.0934,128,gumbel_softmax,0.01,1,100,12,256000,2000
37,2.2208191955566408,0.15736,0.0931,0.1314,0.0931,128,gumbel_softmax,0.01,1,100,12,256000,2000
38,2.2142052905273437,0.16086,0.0981,0.1718,0.0981,128,gumbel_softmax,0.01,1,100,12,256000,2000
39,2.2064497805786134,0.16412,0.1017,0.1682,0.1017,128,gumbel_softmax,0.01,1,100,12,256000,2000
40,2.19917143447876,0.16576,0.0993,0.1633,0.0993,128,gumbel_softmax,0.01,1,100,12,256000,2000
41,2.193594038696289,0.17162,0.0999,0.169,0.0999,128,gumbel_softmax,0.01,1,100,12,256000,2000
42,2.18990179977417,0.17442,0.0981,0.1661,0.0981,128,gumbel_softmax,0.01,1,100,12,256000,2000
43,2.1860578156280517,0.1723,0.1044,0.1736,0.1044,128,gumbel_softmax,0.01,1,100,12,256000,2000
44,2.1842147565460204,0.17416,0.0962,0.1648,0.0962,128,gumbel_softmax,0.01,1,100,12,256000,2000
45,2.1786407082366943,0.18046,0.1008,0.1935,0.1008,128,gumbel_softmax,0.01,1,100,12,256000,2000
46,2.1594404739379884,0.20242,0.0961,0.2183,0.0961,128,gumbel_softmax,0.01,1,100,12,256000,2000
47,2.1406225942230224,0.21748,0.1026,0.2352,0.1026,128,gumbel_softmax,0.01,1,100,12,256000,2000
48,2.126712929420471,0.21966,0.0989,0.2111,0.0989,128,gumbel_softmax,0.01,1,100,12,256000,2000
49,2.119534090423584,0.22638,0.0996,0.2437,0.0996,128,gumbel_softmax,0.01,1,100,12,256000,2000
50,2.11263825378418,0.22766,0.0935,0.2429,0.0935,128,gumbel_softmax,0.01,1,100,12,256000,2000
51,2.109082003097534,0.23156,0.099,0.2269,0.099,128,gumbel_softmax,0.01,1,100,12,256000,2000
52,2.10459509475708,0.23592,0.1024,0.2168,0.1024,128,gumbel_softmax,0.01,1,100,12,256000,2000
53,2.0979525695037844,0.24036,0.1065,0.2521,0.1065,128,gumbel_softmax,0.01,1,100,12,256000,2000
54,2.0897653734588624,0.24548,0.1123,0.2518,0.1123,128,gumbel_softmax,0.01,1,100,12,256000,2000
55,2.0825149225616455,0.24698,0.11,0.2359,0.11,128,gumbel_softmax,0.01,1,100,12,256000,2000
56,2.074569650192261,0.25104,0.109,0.2567,0.109,128,gumbel_softmax,0.01,1,100,12,256000,2000
57,2.0690263661193846,0.25376,0.1065,0.2634,0.1065,128,gumbel_softmax,0.01,1,100,12,256000,2000
58,2.061790412902832,0.25908,0.1064,0.2597,0.1064,128,gumbel_softmax,0.01,1,100,12,256000,2000
59,2.0503937968444825,0.26516,0.1076,0.2655,0.1076,128,gumbel_softmax,0.01,1,100,12,256000,2000
60,2.0416632845687865,0.26818,0.0955,0.2694,0.0955,128,gumbel_softmax,0.01,1,100,12,256000,2000
61,2.0352928607177736,0.27066,0.0996,0.2733,0.0996,128,gumbel_softmax,0.01,1,100,12,256000,2000
62,2.029642842674255,0.2746,0.0991,0.2732,0.0991,128,gumbel_softmax,0.01,1,100,12,256000,2000
63,2.0235770207977293,0.27448,0.0963,0.2742,0.0963,128,gumbel_softmax,0.01,1,100,12,256000,2000
64,2.0174668090057373,0.27764,0.0944,0.2747,0.0944,128,gumbel_softmax,0.01,1,100,12,256000,2000
65,2.011144487762451,0.28238,0.1001,0.2807,0.1001,128,gumbel_softmax,0.01,1,100,12,256000,2000
66,2.0062281036376954,0.2839,0.0952,0.2882,0.0952,128,gumbel_softmax,0.01,1,100,12,256000,2000
67,1.9996348371124268,0.28884,0.0958,0.2779,0.0958,128,gumbel_softmax,0.01,1,100,12,256000,2000
68,1.9923567401504516,0.28956,0.0965,0.2956,0.0965,128,gumbel_softmax,0.01,1,100,12,256000,2000
69,1.9848730865478517,0.29228,0.0969,0.3018,0.0969,128,gumbel_softmax,0.01,1,100,12,256000,2000
70,1.9794566193008423,0.29622,0.0996,0.2867,0.0996,128,gumbel_softmax,0.01,1,100,12,256000,2000
71,1.9733682972717286,0.29632,0.1026,0.2976,0.1026,128,gumbel_softmax,0.01,1,100,12,256000,2000
72,1.9664285320281982,0.30052,0.0993,0.2994,0.0993,128,gumbel_softmax,0.01,1,100,12,256000,2000
73,1.9593689269256591,0.3037,0.102,0.3074,0.102,128,gumbel_softmax,0.01,1,100,12,256000,2000
74,1.951908305091858,0.30646,0.108,0.2993,0.108,128,gumbel_softmax,0.01,1,100,12,256000,2000
75,1.9462405123901367,0.308,0.1066,0.3071,0.1066,128,gumbel_softmax,0.01,1,100,12,256000,2000
76,1.9402741329956055,0.3111,0.1064,0.3153,0.1064,128,gumbel_softmax,0.01,1,100,12,256000,2000
77,1.933109109840393,0.31468,0.1061,0.3117,0.1061,128,gumbel_softmax,0.01,1,100,12,256000,2000
78,1.930055244216919,0.31226,0.0993,0.32,0.0993,128,gumbel_softmax,0.01,1,100,12,256000,2000
79,1.923745372314453,0.31804,0.0971,0.3153,0.0971,128,gumbel_softmax,0.01,1,100,12,256000,2000
80,1.9188409232330321,0.3201,0.0947,0.3135,0.0947,128,gumbel_softmax,0.01,1,100,12,256000,2000
81,1.913872900428772,0.32318,0.1137,0.3145,0.1137,128,gumbel_softmax,0.01,1,100,12,256000,2000
82,1.9089114126205444,0.32308,0.1093,0.3192,0.1093,128,gumbel_softmax,0.01,1,100,12,256000,2000
83,1.9023980126571656,0.32462,0.1062,0.3212,0.1062,128,gumbel_softmax,0.01,1,100,12,256000,2000
84,1.8989493649673461,0.326,0.1117,0.3211,0.1117,128,gumbel_softmax,0.01,1,100,12,256000,2000
85,1.895119053878784,0.32876,0.1096,0.3238,0.1096,128,gumbel_softmax,0.01,1,100,12,256000,2000
86,1.8876542386627198,0.3312,0.1137,0.3266,0.1137,128,gumbel_softmax,0.01,1,100,12,256000,2000
87,1.8805751946640015,0.33492,0.1113,0.3299,0.1113,128,gumbel_softmax,0.01,1,100,12,256000,2000
88,1.8739338010406494,0.33486,0.1166,0.3352,0.1166,128,gumbel_softmax,0.01,1,100,12,256000,2000
89,1.8687883351135255,0.33784,0.1138,0.3294,0.1138,128,gumbel_softmax,0.01,1,100,12,256000,2000
90,1.864372547531128,0.3386,0.1173,0.3295,0.1173,128,gumbel_softmax,0.01,1,100,12,256000,2000
91,1.8612798733139038,0.33948,0.1193,0.3346,0.1193,128,gumbel_softmax,0.01,1,100,12,256000,2000
92,1.8577517797470093,0.34256,0.1041,0.3343,0.1041,128,gumbel_softmax,0.01,1,100,12,256000,2000
93,1.8512642569732667,0.34436,0.1209,0.3416,0.1209,128,gumbel_softmax,0.01,1,100,12,256000,2000
94,1.8490384704589844,0.3463,0.1094,0.3396,0.1094,128,gumbel_softmax,0.01,1,100,12,256000,2000
95,1.8440825540161132,0.34724,0.1166,0.3421,0.1166,128,gumbel_softmax,0.01,1,100,12,256000,2000
96,1.839208337059021,0.35028,0.1127,0.3481,0.1127,128,gumbel_softmax,0.01,1,100,12,256000,2000
97,1.8343971887207031,0.35278,0.1221,0.3479,0.1221,128,gumbel_softmax,0.01,1,100,12,256000,2000
98,1.8282890438079833,0.3554,0.1212,0.349,0.1212,128,gumbel_softmax,0.01,1,100,12,256000,2000
99,1.8236416167449951,0.356,0.1303,0.3537,0.1303,128,gumbel_softmax,0.01,1,100,12,256000,2000
100,1.819056693687439,0.3591,0.1198,0.348,0.1198,128,gumbel_softmax,0.01,1,100,12,256000,2000
101,1.8142700717544555,0.36112,0.1246,0.3511,0.1246,128,gumbel_softmax,0.01,1,100,12,256000,2000
102,1.8077287535858155,0.36276,0.1259,0.3542,0.1259,128,gumbel_softmax,0.01,1,100,12,256000,2000
103,1.8032053231430054,0.36366,0.1208,0.3546,0.1208,128,gumbel_softmax,0.01,1,100,12,256000,2000
104,1.7981828646850586,0.36596,0.1262,0.3578,0.1262,128,gumbel_softmax,0.01,1,100,12,256000,2000
105,1.7932739471435546,0.36928,0.102,0.3591,0.102,128,gumbel_softmax,0.01,1,100,12,256000,2000
106,1.7904677987289428,0.37158,0.1203,0.3569,0.1203,128,gumbel_softmax,0.01,1,100,12,256000,2000
107,1.7853749895858764,0.37262,0.1246,0.3612,0.1246,128,gumbel_softmax,0.01,1,100,12,256000,2000
108,1.7796824828720093,0.37406,0.1252,0.3643,0.1252,128,gumbel_softmax,0.01,1,100,12,256000,2000
109,1.773627351989746,0.37748,0.1279,0.3643,0.1279,128,gumbel_softmax,0.01,1,100,12,256000,2000
110,1.7704142250823975,0.37854,0.1221,0.3679,0.1221,128,gumbel_softmax,0.01,1,100,12,256000,2000
111,1.7701065851211548,0.37952,0.1319,0.3685,0.1319,128,gumbel_softmax,0.01,1,100,12,256000,2000
112,1.7611319482421874,0.38228,0.1274,0.3684,0.1274,128,gumbel_softmax,0.01,1,100,12,256000,2000
113,1.7594736154556274,0.38422,0.1213,0.3679,0.1213,128,gumbel_softmax,0.01,1,100,12,256000,2000
114,1.7526818091583252,0.3849,0.1251,0.3731,0.1251,128,gumbel_softmax,0.01,1,100,12,256000,2000
115,1.7511718267822265,0.38584,0.1275,0.3736,0.1275,128,gumbel_softmax,0.01,1,100,12,256000,2000
116,1.7468050638198853,0.38812,0.1343,0.3738,0.1343,128,gumbel_softmax,0.01,1,100,12,256000,2000
117,1.741597155380249,0.38946,0.1282,0.3725,0.1282,128,gumbel_softmax,0.01,1,100,12,256000,2000
118,1.736730185317993,0.39168,0.121,0.3726,0.121,128,gumbel_softmax,0.01,1,100,12,256000,2000
119,1.7362587350845338,0.39242,0.1331,0.374,0.1331,128,gumbel_softmax,0.01,1,100,12,256000,2000
120,1.7341525872802734,0.39474,0.1287,0.3736,0.1287,128,gumbel_softmax,0.01,1,100,12,256000,2000
121,1.7278653848648071,0.39602,0.1214,0.3739,0.1214,128,gumbel_softmax,0.01,1,100,12,256000,2000
122,1.721194727859497,0.3988,0.1337,0.3752,0.1337,128,gumbel_softmax,0.01,1,100,12,256000,2000
123,1.7211634902572632,0.39884,0.136,0.3784,0.136,128,gumbel_softmax,0.01,1,100,12,256000,2000
124,1.7125300512313844,0.39982,0.1265,0.3777,0.1265,128,gumbel_softmax,0.01,1,100,12,256000,2000
125,1.709990662574768,0.40204,0.1329,0.3789,0.1329,128,gumbel_softmax,0.01,1,100,12,256000,2000
126,1.7101568181991578,0.40222,0.1356,0.3771,0.1356,128,gumbel_softmax,0.01,1,100,12,256000,2000
127,1.7024891650390626,0.40368,0.1363,0.3811,0.1363,128,gumbel_softmax,0.01,1,100,12,256000,2000
128,1.6984580666732787,0.40634,0.139,0.3802,0.139,128,gumbel_softmax,0.01,1,100,12,256000,2000
129,1.6933306911468506,0.40708,0.1344,0.3812,0.1344,128,gumbel_softmax,0.01,1,100,12,256000,2000
130,1.754217035255432,0.40568,0.136,0.3801,0.136,128,gumbel_softmax,0.01,1,100,12,256000,2000
131,1.6901223943710326,0.4079,0.1399,0.3814,0.1399,128,gumbel_softmax,0.01,1,100,12,256000,2000
132,1.6860199477767945,0.40864,0.136,0.3809,0.136,128,gumbel_softmax,0.01,1,100,12,256000,2000
133,1.6839588833236694,0.40882,0.1237,0.3821,0.1237,128,gumbel_softmax,0.01,1,100,12,256000,2000
134,1.6792934317016601,0.4114,0.14,0.3812,0.14,128,gumbel_softmax,0.01,1,100,12,256000,2000
135,1.6756684854888917,0.41228,0.1412,0.385,0.1412,128,gumbel_softmax,0.01,1,100,12,256000,2000
136,1.6739348798370361,0.41496,0.143,0.3813,0.143,128,gumbel_softmax,0.01,1,100,12,256000,2000
137,1.6722467977523803,0.41436,0.1407,0.3862,0.1407,128,gumbel_softmax,0.01,1,100,12,256000,2000
138,1.6703687997817993,0.41582,0.1395,0.387,0.1395,128,gumbel_softmax,0.01,1,100,12,256000,2000
139,1.6639033471679687,0.41632,0.1383,0.3876,0.1383,128,gumbel_softmax,0.01,1,100,12,256000,2000
140,1.6614543869018554,0.41788,0.1447,0.3883,0.1447,128,gumbel_softmax,0.01,1,100,12,256000,2000
141,1.6560750136947633,0.41936,0.1436,0.3908,0.1436,128,gumbel_softmax,0.01,1,100,12,256000,2000
142,1.653806189842224,0.4206,0.1434,0.3887,0.1434,128,gumbel_softmax,0.01,1,100,12,256000,2000
143,1.6528162253570557,0.4211,0.1383,0.3884,0.1383,128,gumbel_softmax,0.01,1,100,12,256000,2000
144,1.6480185674667358,0.42276,0.1345,0.3884,0.1345,128,gumbel_softmax,0.01,1,100,12,256000,2000
145,1.6511669912338256,0.42244,0.1443,0.3902,0.1443,128,gumbel_softmax,0.01,1,100,12,256000,2000
146,1.6521149291992188,0.42248,0.1234,0.3886,0.1234,128,gumbel_softmax,0.01,1,100,12,256000,2000
147,1.6559440224456787,0.42252,0.1331,0.3893,0.1331,128,gumbel_softmax,0.01,1,100,12,256000,2000
148,1.6388178237533568,0.4254,0.1413,0.3903,0.1413,128,gumbel_softmax,0.01,1,100,12,256000,2000
149,1.6308357944107055,0.42968,0.139,0.3927,0.139,128,gumbel_softmax,0.01,1,100,12,256000,2000
150,1.6274352125930787,0.4304,0.139,0.3916,0.139,128,gumbel_softmax,0.01,1,100,12,256000,2000
151,1.6258957728195191,0.43176,0.1434,0.3907,0.1434,128,gumbel_softmax,0.01,1,100,12,256000,2000
152,1.6225479109191894,0.4316,0.1436,0.391,0.1436,128,gumbel_softmax,0.01,1,100,12,256000,2000
153,1.6192792794036865,0.43388,0.1397,0.3968,0.1397,128,gumbel_softmax,0.01,1,100,12,256000,2000
154,1.6284956036376954,0.43482,0.1279,0.3962,0.1279,128,gumbel_softmax,0.01,1,100,12,256000,2000
155,1.6154844579315186,0.43686,0.1452,0.3972,0.1452,128,gumbel_softmax,0.01,1,100,12,256000,2000
156,1.6071607791519165,0.43784,0.1457,0.3955,0.1457,128,gumbel_softmax,0.01,1,100,12,256000,2000
157,1.603817996864319,0.43956,0.1329,0.3946,0.1329,128,gumbel_softmax,0.01,1,100,12,256000,2000
158,1.6104096268463135,0.43836,0.14,0.3973,0.14,128,gumbel_softmax,0.01,1,100,12,256000,2000
159,1.6002027755737305,0.44134,0.1378,0.3965,0.1378,128,gumbel_softmax,0.01,1,100,12,256000,2000
160,1.594089804763794,0.44298,0.1445,0.3984,0.1445,128,gumbel_softmax,0.01,1,100,12,256000,2000
161,1.5921053451156617,0.44432,0.1447,0.3966,0.1447,128,gumbel_softmax,0.01,1,100,12,256000,2000
162,1.5956309936904907,0.44464,0.1432,0.3984,0.1432,128,gumbel_softmax,0.01,1,100,12,256000,2000
163,1.6082693701171875,0.44458,0.1432,0.4005,0.1432,128,gumbel_softmax,0.01,1,100,12,256000,2000
164,1.6018654011917115,0.44264,0.1466,0.3985,0.1466,128,gumbel_softmax,0.01,1,100,12,256000,2000
165,1.5858404744720458,0.44808,0.1434,0.3981,0.1434,128,gumbel_softmax,0.01,1,100,12,256000,2000
166,1.5816601327896118,0.4485,0.1408,0.4,0.1408,128,gumbel_softmax,0.01,1,100,12,256000,2000
167,1.5806575698852539,0.44878,0.1355,0.4009,0.1355,128,gumbel_softmax,0.01,1,100,12,256000,2000
168,1.5877897774505616,0.44748,0.1395,0.3998,0.1395,128,gumbel_softmax,0.01,1,100,12,256000,2000
169,1.5721949996566773,0.45252,0.1448,0.4008,0.1448,128,gumbel_softmax,0.01,1,100,12,256000,2000
170,1.5685885300445557,0.45326,0.1413,0.4011,0.1413,128,gumbel_softmax,0.01,1,100,12,256000,2000
171,1.568095067100525,0.4533,0.1408,0.4021,0.1408,128,gumbel_softmax,0.01,1,100,12,256000,2000
172,1.5594783920288087,0.45596,0.1427,0.404,0.1427,128,gumbel_softmax,0.01,1,100,12,256000,2000
173,1.5572353158950805,0.4578,0.1455,0.404,0.1455,128,gumbel_softmax,0.01,1,100,12,256000,2000
174,1.571749953994751,0.4571,0.1423,0.4007,0.1423,128,gumbel_softmax,0.01,1,100,12,256000,2000
175,1.5658297769927978,0.45642,0.1424,0.4057,0.1424,128,gumbel_softmax,0.01,1,100,12,256000,2000
176,1.619445145225525,0.45784,0.1502,0.4071,0.1502,128,gumbel_softmax,0.01,1,100,12,256000,2000
177,1.5525137098312378,0.46034,0.1445,0.4042,0.1445,128,gumbel_softmax,0.01,1,100,12,256000,2000
178,1.545759238357544,0.4618,0.1401,0.4041,0.1401,128,gumbel_softmax,0.01,1,100,12,256000,2000
179,1.5414120937728881,0.46314,0.1443,0.405,0.1443,128,gumbel_softmax,0.01,1,100,12,256000,2000
180,1.5572529174041747,0.46206,0.132,0.4049,0.132,128,gumbel_softmax,0.01,1,100,12,256000,2000
181,1.552175704574585,0.46148,0.1425,0.405,0.1425,128,gumbel_softmax,0.01,1,100,12,256000,2000
182,1.5390325492095946,0.46438,0.1439,0.4052,0.1439,128,gumbel_softmax,0.01,1,100,12,256000,2000
183,1.5414852356338502,0.46424,0.14,0.4096,0.14,128,gumbel_softmax,0.01,1,100,12,256000,2000
184,1.6086125253295898,0.46294,0.1402,0.4049,0.1402,128,gumbel_softmax,0.01,1,100,12,256000,2000
185,1.536524535522461,0.46536,0.1448,0.4085,0.1448,128,gumbel_softmax,0.01,1,100,12,256000,2000
186,1.5278758054351806,0.46818,0.1409,0.4074,0.1409,128,gumbel_softmax,0.01,1,100,12,256000,2000
187,1.5270336752319336,0.47028,0.1458,0.4086,0.1458,128,gumbel_softmax,0.01,1,100,12,256000,2000
188,1.5961942684936523,0.46672,0.1425,0.4087,0.1425,128,gumbel_softmax,0.01,1,100,12,256000,2000
189,2.7684155974960327,0.46948,0.1408,0.4037,0.1408,128,gumbel_softmax,0.01,1,100,12,256000,2000
190,1.5392012734222411,0.46818,0.1449,0.4092,0.1449,128,gumbel_softmax,0.01,1,100,12,256000,2000
191,1.5479458979034424,0.46886,0.1441,0.4071,0.1441,128,gumbel_softmax,0.01,1,100,12,256000,2000
192,1.5259336655807496,0.4716,0.1487,0.4087,0.1487,128,gumbel_softmax,0.01,1,100,12,256000,2000
193,1.519608134689331,0.47288,0.1504,0.4073,0.1504,128,gumbel_softmax,0.01,1,100,12,256000,2000
194,1.513978144607544,0.47388,0.1505,0.409,0.1505,128,gumbel_softmax,0.01,1,100,12,256000,2000
195,1.5212704391860963,0.47456,0.1473,0.4109,0.1473,128,gumbel_softmax,0.01,1,100,12,256000,2000
196,2.0793515011978148,0.46588,0.1422,0.4104,0.1422,128,gumbel_softmax,0.01,1,100,12,256000,2000
197,1.5558365818786621,0.4679,0.1438,0.4126,0.1438,128,gumbel_softmax,0.01,1,100,12,256000,2000
198,1.513344097213745,0.4746,0.1527,0.4129,0.1527,128,gumbel_softmax,0.01,1,100,12,256000,2000
199,1.5047203953933717,0.47678,0.1457,0.4129,0.1457,128,gumbel_softmax,0.01,1,100,12,256000,2000
200,1.504251392478943,0.47842,0.1459,0.4118,0.1459,128,gumbel_softmax,0.01,1,100,12,256000,2000
201,1.496356346321106,0.48048,0.1463,0.413,0.1463,128,gumbel_softmax,0.01,1,100,12,256000,2000
202,1.4938299465942382,0.48162,0.1485,0.4142,0.1485,128,gumbel_softmax,0.01,1,100,12,256000,2000
203,1.4950281898498534,0.4859,0.1487,0.4138,0.1487,128,gumbel_softmax,0.01,1,100,12,256000,2000
204,1.4983261280059814,0.48298,0.1487,0.4142,0.1487,128,gumbel_softmax,0.01,1,100,12,256000,2000
205,1.4820587378311156,0.48536,0.1469,0.4147,0.1469,128,gumbel_softmax,0.01,1,100,12,256000,2000
206,1.4775249979782104,0.48742,0.1509,0.4132,0.1509,128,gumbel_softmax,0.01,1,100,12,256000,2000
207,1.4900721326065063,0.48696,0.1502,0.4111,0.1502,128,gumbel_softmax,0.01,1,100,12,256000,2000
208,1.4897198178863524,0.48694,0.1508,0.4124,0.1508,128,gumbel_softmax,0.01,1,100,12,256000,2000
209,1.5124278525543213,0.48494,0.1495,0.4131,0.1495,128,gumbel_softmax,0.01,1,100,12,256000,2000
210,1.5055116783523559,0.48716,0.1504,0.4147,0.1504,128,gumbel_softmax,0.01,1,100,12,256000,2000
211,1.4749824448394775,0.48972,0.1534,0.4152,0.1534,128,gumbel_softmax,0.01,1,100,12,256000,2000
212,1.4648413190460206,0.49288,0.1482,0.4169,0.1482,128,gumbel_softmax,0.01,1,100,12,256000,2000
213,1.5537359642410278,0.4899,0.147,0.4171,0.147,128,gumbel_softmax,0.01,1,100,12,256000,2000
214,1.4641972451400758,0.49092,0.15,0.4175,0.15,128,gumbel_softmax,0.01,1,100,12,256000,2000
215,1.4766853353118896,0.49214,0.1371,0.4167,0.1371,128,gumbel_softmax,0.01,1,100,12,256000,2000
216,1.4831236894989013,0.49114,0.1448,0.4192,0.1448,128,gumbel_softmax,0.01,1,100,12,256000,2000
217,1.5446519184112548,0.49092,0.1453,0.4181,0.1453,128,gumbel_softmax,0.01,1,100,12,256000,2000
218,1.4642776361846923,0.4936,0.1489,0.4148,0.1489,128,gumbel_softmax,0.01,1,100,12,256000,2000
219,1.45148549659729,0.49692,0.1483,0.4159,0.1483,128,gumbel_softmax,0.01,1,100,12,256000,2000
220,1.4967226261138915,0.49428,0.1459,0.4178,0.1459,128,gumbel_softmax,0.01,1,100,12,256000,2000
221,1.4743306797027589,0.49552,0.1478,0.4162,0.1478,128,gumbel_softmax,0.01,1,100,12,256000,2000
222,1.4472780130004883,0.49822,0.1558,0.4178,0.1558,128,gumbel_softmax,0.01,1,100,12,256000,2000
223,1.4362496463012695,0.50208,0.1484,0.4163,0.1484,128,gumbel_softmax,0.01,1,100,12,256000,2000
224,1.4366127577972412,0.5039,0.1495,0.418,0.1495,128,gumbel_softmax,0.01,1,100,12,256000,2000
225,1.497223977661133,0.50204,0.1471,0.4163,0.1471,128,gumbel_softmax,0.01,1,100,12,256000,2000
226,1.4615737383270264,0.4991,0.1486,0.419,0.1486,128,gumbel_softmax,0.01,1,100,12,256000,2000
227,1.4392847060394287,0.50226,0.1458,0.4192,0.1458,128,gumbel_softmax,0.01,1,100,12,256000,2000
228,1.442295255317688,0.50516,0.1476,0.4211,0.1476,128,gumbel_softmax,0.01,1,100,12,256000,2000
229,1.4242413387298585,0.5079,0.1504,0.4203,0.1504,128,gumbel_softmax,0.01,1,100,12,256000,2000
230,1.4249521393203735,0.50942,0.1508,0.4231,0.1508,128,gumbel_softmax,0.01,1,100,12,256000,2000
231,1.4293327292251587,0.50748,0.1557,0.4199,0.1557,128,gumbel_softmax,0.01,1,100,12,256000,2000
232,1.5458780359649658,0.50626,0.154,0.4252,0.154,128,gumbel_softmax,0.01,1,100,12,256000,2000
233,1.4573994901275635,0.50266,0.1535,0.4261,0.1535,128,gumbel_softmax,0.01,1,100,12,256000,2000
234,1.4287577208709716,0.50778,0.1505,0.4222,0.1505,128,gumbel_softmax,0.01,1,100,12,256000,2000
235,1.6132412386322021,0.50786,0.1517,0.4234,0.1517,128,gumbel_softmax,0.01,1,100,12,256000,2000
236,1.4298970425415038,0.5084,0.1507,0.4228,0.1507,128,gumbel_softmax,0.01,1,100,12,256000,2000
237,1.4080663687896728,0.51312,0.152,0.4256,0.152,128,gumbel_softmax,0.01,1,100,12,256000,2000
238,1.3989658744430542,0.5171,0.1451,0.4259,0.1451,128,gumbel_softmax,0.01,1,100,12,256000,2000
239,1.3978173498916626,0.51734,0.148,0.4217,0.148,128,gumbel_softmax,0.01,1,100,12,256000,2000
240,1.4567779271697998,0.51354,0.1449,0.421,0.1449,128,gumbel_softmax,0.01,1,100,12,256000,2000
241,1.4289108203506469,0.51212,0.1436,0.4231,0.1436,128,gumbel_softmax,0.01,1,100,12,256000,2000
242,1.460806134223938,0.51108,0.147,0.4225,0.147,128,gumbel_softmax,0.01,1,100,12,256000,2000
243,1.4239504367828368,0.51508,0.148,0.4244,0.148,128,gumbel_softmax,0.01,1,100,12,256000,2000
244,1.3975288301849365,0.51774,0.1459,0.4236,0.1459,128,gumbel_softmax,0.01,1,100,12,256000,2000
245,1.4253196375274657,0.51756,0.1467,0.4278,0.1467,128,gumbel_softmax,0.01,1,100,12,256000,2000
246,1.3916533666229247,0.51852,0.1535,0.429,0.1535,128,gumbel_softmax,0.01,1,100,12,256000,2000
247,1.398115461578369,0.51872,0.152,0.4281,0.152,128,gumbel_softmax,0.01,1,100,12,256000,2000
248,1.4040482459259034,0.51904,0.1462,0.4264,0.1462,128,gumbel_softmax,0.01,1,100,12,256000,2000
249,1.3916860806274414,0.519,0.1465,0.4306,0.1465,128,gumbel_softmax,0.01,1,100,12,256000,2000
250,1.3868492895507814,0.52254,0.1499,0.4309,0.1499,128,gumbel_softmax,0.01,1,100,12,256000,2000
251,1.4126641075515747,0.52096,0.1492,0.4291,0.1492,128,gumbel_softmax,0.01,1,100,12,256000,2000
252,1.3843943818283082,0.52242,0.1455,0.4313,0.1455,128,gumbel_softmax,0.01,1,100,12,256000,2000
253,1.378669455795288,0.52592,0.1525,0.4299,0.1525,128,gumbel_softmax,0.01,1,100,12,256000,2000
254,1.4203674662017822,0.52264,0.1487,0.4273,0.1487,128,gumbel_softmax,0.01,1,100,12,256000,2000
255,4.071694500770569,0.51502,0.1521,0.4277,0.1521,128,gumbel_softmax,0.01,1,100,12,256000,2000
256,1.4530958830261231,0.51812,0.1518,0.4288,0.1518,128,gumbel_softmax,0.01,1,100,12,256000,2000
257,1.3922293951416016,0.52308,0.1501,0.4282,0.1501,128,gumbel_softmax,0.01,1,100,12,256000,2000
258,1.3775562712860108,0.52666,0.1538,0.4334,0.1538,128,gumbel_softmax,0.01,1,100,12,256000,2000
259,1.3760135352706908,0.52754,0.1514,0.4314,0.1514,128,gumbel_softmax,0.01,1,100,12,256000,2000
260,1.3885802729034424,0.52868,0.1543,0.4322,0.1543,128,gumbel_softmax,0.01,1,100,12,256000,2000
261,1.390306561164856,0.5272,0.1557,0.4309,0.1557,128,gumbel_softmax,0.01,1,100,12,256000,2000
262,1.375174953918457,0.5292,0.1537,0.4295,0.1537,128,gumbel_softmax,0.01,1,100,12,256000,2000
263,1.7650483568954467,0.52284,0.1527,0.4289,0.1527,128,gumbel_softmax,0.01,1,100,12,256000,2000
264,1.5988257218551636,0.52126,0.1516,0.4303,0.1516,128,gumbel_softmax,0.01,1,100,12,256000,2000
265,1.4542444104003907,0.52438,0.1606,0.4285,0.1606,128,gumbel_softmax,0.01,1,100,12,256000,2000
266,54.770130495147704,0.49822,0.1566,0.4212,0.1566,128,gumbel_softmax,0.01,1,100,12,256000,2000
267,7.664878571739197,0.50044,0.1533,0.4239,0.1533,128,gumbel_softmax,0.01,1,100,12,256000,2000
268,1.6956651723480225,0.51176,0.1469,0.4249,0.1469,128,gumbel_softmax,0.01,1,100,12,256000,2000
269,3.356585729751587,0.51146,0.1526,0.4263,0.1526,128,gumbel_softmax,0.01,1,100,12,256000,2000
270,34.498949766693116,0.51382,0.1536,0.4225,0.1536,128,gumbel_softmax,0.01,1,100,12,256000,2000
271,3.43531296913147,0.50826,0.1544,0.4208,0.1544,128,gumbel_softmax,0.01,1,100,12,256000,2000
272,1.8404611767196655,0.50608,0.1572,0.4256,0.1572,128,gumbel_softmax,0.01,1,100,12,256000,2000
273,1.7997753211212157,0.50786,0.1547,0.4251,0.1547,128,gumbel_softmax,0.01,1,100,12,256000,2000
274,2.4741850254440307,0.5073,0.1445,0.4245,0.1445,128,gumbel_softmax,0.01,1,100,12,256000,2000
275,1.5228692602157592,0.51272,0.1492,0.4244,0.1492,128,gumbel_softmax,0.01,1,100,12,256000,2000
276,1.447107085571289,0.51588,0.1486,0.4251,0.1486,128,gumbel_softmax,0.01,1,100,12,256000,2000
277,1.4233982056427001,0.51904,0.1499,0.4271,0.1499,128,gumbel_softmax,0.01,1,100,12,256000,2000
278,1.6939385325622558,0.51916,0.1446,0.4282,0.1446,128,gumbel_softmax,0.01,1,100,12,256000,2000
279,1.4226857122802734,0.52124,0.1548,0.4258,0.1548,128,gumbel_softmax,0.01,1,100,12,256000,2000
280,1.4144527898788453,0.52302,0.1462,0.4272,0.1462,128,gumbel_softmax,0.01,1,100,12,256000,2000
281,2.4402650301361084,0.52092,0.1558,0.4272,0.1558,128,gumbel_softmax,0.01,1,100,12,256000,2000
282,7.409390127601624,0.51816,0.1537,0.4291,0.1537,128,gumbel_softmax,0.01,1,100,12,256000,2000
283,2.0637533028411865,0.51526,0.1565,0.427,0.1565,128,gumbel_softmax,0.01,1,100,12,256000,2000
284,2.7012960707855225,0.51692,0.1574,0.4247,0.1574,128,gumbel_softmax,0.01,1,100,12,256000,2000
285,5.701785371742249,0.51262,0.1607,0.4273,0.1607,128,gumbel_softmax,0.01,1,100,12,256000,2000
286,2.5761836627197265,0.51552,0.1545,0.4271,0.1545,128,gumbel_softmax,0.01,1,100,12,256000,2000
287,1.4204794034957886,0.5221,0.1515,0.4306,0.1515,128,gumbel_softmax,0.01,1,100,12,256000,2000
288,1.5618857292938233,0.52364,0.1617,0.4294,0.1617,128,gumbel_softmax,0.01,1,100,12,256000,2000
289,2.412360181922913,0.52272,0.1556,0.4272,0.1556,128,gumbel_softmax,0.01,1,100,12,256000,2000
290,25.71418724758148,0.50732,0.1624,0.426,0.1624,128,gumbel_softmax,0.01,1,100,12,256000,2000
291,3.121020538330078,0.50584,0.1624,0.4291,0.1624,128,gumbel_softmax,0.01,1,100,12,256000,2000
292,1264.3003396357726,0.5051,0.1532,0.4199,0.1532,128,gumbel_softmax,0.01,1,100,12,256000,2000
293,9863.55011629898,0.48788,0.1553,0.4168,0.1553,128,gumbel_softmax,0.01,1,100,12,256000,2000
294,83163.63980753113,0.46236,0.1506,0.4074,0.1506,128,gumbel_softmax,0.01,1,100,12,256000,2000
295,105876.51766900666,0.45372,0.1557,0.4054,0.1557,128,gumbel_softmax,0.01,1,100,12,256000,2000
296,1684185308036.306,0.38534,0.1331,0.3396,0.1331,128,gumbel_softmax,0.01,1,100,12,256000,2000
297,3.399503885346995e+30,0.3186,0.1373,0.2692,0.1373,128,gumbel_softmax,0.01,1,100,12,256000,2000
298,nan,0.11742,0.1,0.1,0.1,128,gumbel_softmax,0.01,1,100,12,256000,2000
299,nan,0.1,0.1,0.1,0.1,128,gumbel_softmax,0.01,1,100,12,256000,2000
300,nan,0.1,0.1,0.1,0.1,128,gumbel_softmax,0.01,1,100,12,256000,2000
301,nan,0.1,0.1,0.1,0.1,128,gumbel_softmax,0.01,1,100,12,256000,2000
302,nan,0.1,0.1,0.1,0.1,128,gumbel_softmax,0.01,1,100,12,256000,2000
303,nan,0.1,0.1,0.1,0.1,128,gumbel_softmax,0.01,1,100,12,256000,2000
304,nan,0.1,0.1,0.1,0.1,128,gumbel_softmax,0.01,1,100,12,256000,2000
305,nan,0.1,0.1,0.1,0.1,128,gumbel_softmax,0.01,1,100,12,256000,2000
306,nan,0.1,0.1,0.1,0.1,128,gumbel_softmax,0.01,1,100,12,256000,2000
307,nan,0.1,0.1,0.1,0.1,128,gumbel_softmax,0.01,1,100,12,256000,2000
308,nan,0.1,0.1,0.1,0.1,128,gumbel_softmax,0.01,1,100,12,256000,2000
309,nan,0.1,0.1,0.1,0.1,128,gumbel_softmax,0.01,1,100,12,256000,2000
310,nan,0.1,0.1,0.1,0.1,128,gumbel_softmax,0.01,1,100,12,256000,2000
311,nan,0.1,0.1,0.1,0.1,128,gumbel_softmax,0.01,1,100,12,256000,2000
312,nan,0.1,0.1,0.1,0.1,128,gumbel_softmax,0.01,1,100,12,256000,2000
313,nan,0.1,0.1,0.1,0.1,128,gumbel_softmax,0.01,1,100,12,256000,2000
314,nan,0.1,0.1,0.1,0.1,128,gumbel_softmax,0.01,1,100,12,256000,2000
315,nan,0.1,0.1,0.1,0.1,128,gumbel_softmax,0.01,1,100,12,256000,2000
316,nan,0.1,0.1,0.1,0.1,128,gumbel_softmax,0.01,1,100,12,256000,2000
317,nan,0.1,0.1,0.1,0.1,128,gumbel_softmax,0.01,1,100,12,256000,2000
318,nan,0.1,0.1,0.1,0.1,128,gumbel_softmax,0.01,1,100,12,256000,2000
319,nan,0.1,0.1,0.1,0.1,128,gumbel_softmax,0.01,1,100,12,256000,2000
320,nan,0.1,0.1,0.1,0.1,128,gumbel_softmax,0.01,1,100,12,256000,2000
321,nan,0.1,0.1,0.1,0.1,128,gumbel_softmax,0.01,1,100,12,256000,2000
322,nan,0.1,0.1,0.1,0.1,128,gumbel_softmax,0.01,1,100,12,256000,2000
323,nan,0.1,0.1,0.1,0.1,128,gumbel_softmax,0.01,1,100,12,256000,2000
324,nan,0.1,0.1,0.1,0.1,128,gumbel_softmax,0.01,1,100,12,256000,2000
325,nan,0.1,0.1,0.1,0.1,128,gumbel_softmax,0.01,1,100,12,256000,2000
326,nan,0.1,0.1,0.1,0.1,128,gumbel_softmax,0.01,1,100,12,256000,2000
327,nan,0.1,0.1,0.1,0.1,128,gumbel_softmax,0.01,1,100,12,256000,2000
328,nan,0.1,0.1,0.1,0.1,128,gumbel_softmax,0.01,1,100,12,256000,2000
329,nan,0.1,0.1,0.1,0.1,128,gumbel_softmax,0.01,1,100,12,256000,2000
330,nan,0.1,0.1,0.1,0.1,128,gumbel_softmax,0.01,1,100,12,256000,2000
331,nan,0.1,0.1,0.1,0.1,128,gumbel_softmax,0.01,1,100,12,256000,2000
332,nan,0.1,0.1,0.1,0.1,128,gumbel_softmax,0.01,1,100,12,256000,2000
333,nan,0.1,0.1,0.1,0.1,128,gumbel_softmax,0.01,1,100,12,256000,2000
334,nan,0.1,0.1,0.1,0.1,128,gumbel_softmax,0.01,1,100,12,256000,2000
335,nan,0.1,0.1,0.1,0.1,128,gumbel_softmax,0.01,1,100,12,256000,2000
336,nan,0.1,0.1,0.1,0.1,128,gumbel_softmax,0.01,1,100,12,256000,2000
337,nan,0.1,0.1,0.1,0.1,128,gumbel_softmax,0.01,1,100,12,256000,2000
338,nan,0.1,0.1,0.1,0.1,128,gumbel_softmax,0.01,1,100,12,256000,2000
339,nan,0.1,0.1,0.1,0.1,128,gumbel_softmax,0.01,1,100,12,256000,2000
340,nan,0.1,0.1,0.1,0.1,128,gumbel_softmax,0.01,1,100,12,256000,2000
341,nan,0.1,0.1,0.1,0.1,128,gumbel_softmax,0.01,1,100,12,256000,2000
342,nan,0.1,0.1,0.1,0.1,128,gumbel_softmax,0.01,1,100,12,256000,2000
343,nan,0.1,0.1,0.1,0.1,128,gumbel_softmax,0.01,1,100,12,256000,2000
344,nan,0.1,0.1,0.1,0.1,128,gumbel_softmax,0.01,1,100,12,256000,2000
345,nan,0.1,0.1,0.1,0.1,128,gumbel_softmax,0.01,1,100,12,256000,2000
346,nan,0.1,0.1,0.1,0.1,128,gumbel_softmax,0.01,1,100,12,256000,2000
347,nan,0.1,0.1,0.1,0.1,128,gumbel_softmax,0.01,1,100,12,256000,2000
348,nan,0.1,0.1,0.1,0.1,128,gumbel_softmax,0.01,1,100,12,256000,2000
349,nan,0.1,0.1,0.1,0.1,128,gumbel_softmax,0.01,1,100,12,256000,2000
350,nan,0.1,0.1,0.1,0.1,128,gumbel_softmax,0.01,1,100,12,256000,2000
351,nan,0.1,0.1,0.1,0.1,128,gumbel_softmax,0.01,1,100,12,256000,2000
352,nan,0.1,0.1,0.1,0.1,128,gumbel_softmax,0.01,1,100,12,256000,2000
353,nan,0.1,0.1,0.1,0.1,128,gumbel_softmax,0.01,1,100,12,256000,2000
354,nan,0.1,0.1,0.1,0.1,128,gumbel_softmax,0.01,1,100,12,256000,2000
355,nan,0.1,0.1,0.1,0.1,128,gumbel_softmax,0.01,1,100,12,256000,2000
356,nan,0.1,0.1,0.1,0.1,128,gumbel_softmax,0.01,1,100,12,256000,2000
357,nan,0.1,0.1,0.1,0.1,128,gumbel_softmax,0.01,1,100,12,256000,2000
358,nan,0.1,0.1,0.1,0.1,128,gumbel_softmax,0.01,1,100,12,256000,2000
359,nan,0.1,0.1,0.1,0.1,128,gumbel_softmax,0.01,1,100,12,256000,2000
360,nan,0.1,0.1,0.1,0.1,128,gumbel_softmax,0.01,1,100,12,256000,2000
361,nan,0.1,0.1,0.1,0.1,128,gumbel_softmax,0.01,1,100,12,256000,2000
362,nan,0.1,0.1,0.1,0.1,128,gumbel_softmax,0.01,1,100,12,256000,2000
363,nan,0.1,0.1,0.1,0.1,128,gumbel_softmax,0.01,1,100,12,256000,2000
364,nan,0.1,0.1,0.1,0.1,128,gumbel_softmax,0.01,1,100,12,256000,2000
365,nan,0.1,0.1,0.1,0.1,128,gumbel_softmax,0.01,1,100,12,256000,2000
366,nan,0.1,0.1,0.1,0.1,128,gumbel_softmax,0.01,1,100,12,256000,2000
367,nan,0.1,0.1,0.1,0.1,128,gumbel_softmax,0.01,1,100,12,256000,2000
368,nan,0.1,0.1,0.1,0.1,128,gumbel_softmax,0.01,1,100,12,256000,2000
369,nan,0.1,0.1,0.1,0.1,128,gumbel_softmax,0.01,1,100,12,256000,2000
370,nan,0.1,0.1,0.1,0.1,128,gumbel_softmax,0.01,1,100,12,256000,2000
371,nan,0.1,0.1,0.1,0.1,128,gumbel_softmax,0.01,1,100,12,256000,2000
372,nan,0.1,0.1,0.1,0.1,128,gumbel_softmax,0.01,1,100,12,256000,2000
373,nan,0.1,0.1,0.1,0.1,128,gumbel_softmax,0.01,1,100,12,256000,2000
374,nan,0.1,0.1,0.1,0.1,128,gumbel_softmax,0.01,1,100,12,256000,2000
375,nan,0.1,0.1,0.1,0.1,128,gumbel_softmax,0.01,1,100,12,256000,2000
376,nan,0.1,0.1,0.1,0.1,128,gumbel_softmax,0.01,1,100,12,256000,2000
377,nan,0.1,0.1,0.1,0.1,128,gumbel_softmax,0.01,1,100,12,256000,2000
378,nan,0.1,0.1,0.1,0.1,128,gumbel_softmax,0.01,1,100,12,256000,2000
379,nan,0.1,0.1,0.1,0.1,128,gumbel_softmax,0.01,1,100,12,256000,2000
380,nan,0.1,0.1,0.1,0.1,128,gumbel_softmax,0.01,1,100,12,256000,2000
381,nan,0.1,0.1,0.1,0.1,128,gumbel_softmax,0.01,1,100,12,256000,2000
382,nan,0.1,0.1,0.1,0.1,128,gumbel_softmax,0.01,1,100,12,256000,2000
383,nan,0.1,0.1,0.1,0.1,128,gumbel_softmax,0.01,1,100,12,256000,2000
384,nan,0.1,0.1,0.1,0.1,128,gumbel_softmax,0.01,1,100,12,256000,2000
385,nan,0.1,0.1,0.1,0.1,128,gumbel_softmax,0.01,1,100,12,256000,2000
386,nan,0.1,0.1,0.1,0.1,128,gumbel_softmax,0.01,1,100,12,256000,2000
387,nan,0.1,0.1,0.1,0.1,128,gumbel_softmax,0.01,1,100,12,256000,2000
388,nan,0.1,0.1,0.1,0.1,128,gumbel_softmax,0.01,1,100,12,256000,2000
389,nan,0.1,0.1,0.1,0.1,128,gumbel_softmax,0.01,1,100,12,256000,2000
390,nan,0.1,0.1,0.1,0.1,128,gumbel_softmax,0.01,1,100,12,256000,2000
391,nan,0.1,0.1,0.1,0.1,128,gumbel_softmax,0.01,1,100,12,256000,2000
392,nan,0.1,0.1,0.1,0.1,128,gumbel_softmax,0.01,1,100,12,256000,2000
393,nan,0.1,0.1,0.1,0.1,128,gumbel_softmax,0.01,1,100,12,256000,2000
394,nan,0.1,0.1,0.1,0.1,128,gumbel_softmax,0.01,1,100,12,256000,2000
395,nan,0.1,0.1,0.1,0.1,128,gumbel_softmax,0.01,1,100,12,256000,2000
396,nan,0.1,0.1,0.1,0.1,128,gumbel_softmax,0.01,1,100,12,256000,2000
397,nan,0.1,0.1,0.1,0.1,128,gumbel_softmax,0.01,1,100,12,256000,2000
398,nan,0.1,0.1,0.1,0.1,128,gumbel_softmax,0.01,1,100,12,256000,2000
1,2.2751181021118163,0.13374,0.1573,0.2316,0.1573,128,softmax,0.01,1,100,8,128000,2000
2,2.005118151893616,0.28576,0.16,0.3261,0.16,128,softmax,0.01,1,100,8,128000,2000
3,1.8439342376708985,0.35152,0.1813,0.3719,0.1813,128,softmax,0.01,1,100,8,128000,2000
4,1.7475477133178712,0.39132,0.1852,0.3931,0.1852,128,softmax,0.01,1,100,8,128000,2000
5,1.6810488962554933,0.41736,0.183,0.4061,0.183,128,softmax,0.01,1,100,8,128000,2000
6,1.6326303490447998,0.43374,0.1928,0.4191,0.1928,128,softmax,0.01,1,100,8,128000,2000
7,1.5908053939819335,0.45218,0.2034,0.4364,0.2034,128,softmax,0.01,1,100,8,128000,2000
8,1.5543511594390869,0.46538,0.2039,0.4445,0.2039,128,softmax,0.01,1,100,8,128000,2000
9,1.5223873727035522,0.47844,0.1995,0.4485,0.1995,128,softmax,0.01,1,100,8,128000,2000
10,1.4900482508087158,0.4896,0.2035,0.4528,0.2035,128,softmax,0.01,1,100,8,128000,2000
11,1.469846431350708,0.49786,0.2021,0.4561,0.2021,128,softmax,0.01,1,100,8,128000,2000
12,1.4404896294021607,0.51062,0.2116,0.4596,0.2116,128,softmax,0.01,1,100,8,128000,2000
13,1.4282671120452881,0.51736,0.2079,0.4567,0.2079,128,softmax,0.01,1,100,8,128000,2000
14,1.3840145822143555,0.5277,0.2126,0.4729,0.2126,128,softmax,0.01,1,100,8,128000,2000
15,1.3640047747039794,0.5356,0.2201,0.4783,0.2201,128,softmax,0.01,1,100,8,128000,2000
16,1.3293186700439452,0.54656,0.2163,0.4767,0.2163,128,softmax,0.01,1,100,8,128000,2000
17,1.3709831393051148,0.55268,0.2083,0.4768,0.2083,128,softmax,0.01,1,100,8,128000,2000
18,1.2956949557495117,0.56,0.2193,0.4846,0.2193,128,softmax,0.01,1,100,8,128000,2000
19,1.3311661463928222,0.5681,0.2242,0.4866,0.2242,128,softmax,0.01,1,100,8,128000,2000
20,1.3596135810089112,0.57054,0.2177,0.4817,0.2177,128,softmax,0.01,1,100,8,128000,2000
21,1.2289021083450318,0.5827,0.2106,0.4916,0.2106,128,softmax,0.01,1,100,8,128000,2000
22,1.2014239878845214,0.58924,0.2159,0.487,0.2159,128,softmax,0.01,1,100,8,128000,2000
23,1.2252887739562988,0.59452,0.2155,0.4881,0.2155,128,softmax,0.01,1,100,8,128000,2000
24,1.4356405523681641,0.5952,0.2194,0.4899,0.2194,128,softmax,0.01,1,100,8,128000,2000
25,1.7809992462158204,0.59238,0.21,0.4907,0.21,128,softmax,0.01,1,100,8,128000,2000
26,1.2569770626831054,0.60406,0.2179,0.4855,0.2179,128,softmax,0.01,1,100,8,128000,2000
